{
    "1315-01": [
        974.7136535644531,
        659.7496337890625
    ],
    "1315-02": [
        974.6384582519531,
        641.562744140625
    ],
    "1315-04": [
        953.216552734375,
        641.562744140625
    ],
    "1315-03": [
        953.2873840332031,
        659.8952331542969
    ],
    "1315-05": [
        918.9520568847656,
        659.8952331542969
    ],
    "1315-06": [
        918.9183959960938,
        641.416259765625
    ],
    "1315-08": [
        897.6865844726562,
        641.416259765625
    ],
    "1315-07": [
        897.6911926269531,
        659.8952331542969
    ],
    "1315-09": [
        876.6093444824219,
        659.8952331542969
    ],
    "1315-13": [
        885.2189331054688,
        712.1291809082031
    ],
    "1315-12": [
        866.4302368164062,
        712.1291809082031
    ],
    "1315-14": [
        866.4009704589844,
        732.6470031738281
    ]
}